{"cameraMode":{"drawMode":0,"name":"Shaded","section":"Shading Mode"},"sceneLighting":true,"audioPlay":false,"sceneViewState":{"m_AlwaysRefresh":false,"showFog":true,"showSkybox":true,"showFlares":true,"showImageEffects":true,"showParticleSystems":true,"showVisualEffectGraphs":true,"m_FxEnabled":true},"in2DMode":false,"pivot":{"x":6.115364074707031,"y":1.9453353881835938,"z":7.101000785827637},"rotation":{"x":0.21022145450115205,"y":-0.0088035361841321,"z":0.0018925080075860024,"w":0.9776140451431274},"size":10.830159187316895,"orthographic":false}