{"cameraMode":{"drawMode":0,"name":"Shaded","section":"Shading Mode"},"sceneLighting":true,"audioPlay":false,"sceneViewState":{"m_AlwaysRefresh":false,"showFog":true,"showSkybox":true,"showFlares":true,"showImageEffects":true,"showParticleSystems":true,"showVisualEffectGraphs":true,"m_FxEnabled":true},"in2DMode":false,"pivot":{"x":0.6188012957572937,"y":4.594674587249756,"z":3.3183822631835939},"rotation":{"x":0.18227781355381013,"y":0.008844265714287758,"z":-0.00164034531917423,"w":0.983207643032074},"size":9.628273963928223,"orthographic":false}